"Data Source","World Development Indicators",

"Last Updated Date","2021-12-16",

"Country Name","Country Code","Indicator Name","Indicator Code","1960","1961","1962","1963","1964","1965","1966","1967","1968","1969","1970","1971","1972","1973","1974","1975","1976","1977","1978","1979","1980","1981","1982","1983","1984","1985","1986","1987","1988","1989","1990","1991","1992","1993","1994","1995","1996","1997","1998","1999","2000","2001","2002","2003","2004","2005","2006","2007","2008","2009","2010","2011","2012","2013","2014","2015","2016","2017","2018","2019","2020",
"Aruba","ABW","Battle-related deaths (number of people)","VC.BTL.DETH","","","","","","","","","","","","","","","","","","","","","","","","","","","","","","","","","","","","","","","","","","","","","","","","","","","","","","","","","","","","","",
"Africa Eastern and Southern","AFE","Battle-related deaths (number of people)","VC.BTL.DETH","","","","","","","","","","","","","","","","","","","","","","","","","","","","","","","","","","","","","","","","","","","","","","","","","","","","","","","","","","","","","5664",
"Afghanistan","AFG","Battle-related deaths (number of people)","VC.BTL.DETH","","","","","","","","","","","","","","","","","","","","","","","","","","","","","","5174","1478","3302","4276","4071","8937","5499","3177","6396","6256","4629","5235","5055","890","687","715","1595","4750","6906","5552","6341","6864","7403","7721","8056","12284","17273","17978","19014","25676","29940","20473",
"Africa Western and Central","AFW","Battle-related deaths (number of people)","VC.BTL.DETH","","","","","","","","","","","","","","","","","","","","","","","","","","","","","","","","","","","","","","","","","","","","","","","","","","","","","","","","","","","2802","3449","4264",
"Angola","AGO","Battle-related deaths (number of people)","VC.BTL.DETH","","","","","","","","","","","","","","","","","","","","","","","","","","","","","","2810","2558","516","2346","12054","3974","187","29","51","1066","2272","943","1123","521","25","25","","","25","","25","","","","","","","25","25","","25","21",
"Albania","ALB","Battle-related deaths (number of people)","VC.BTL.DETH","","","","","","","","","","","","","","","","","","","","","","","","","","","","","","","","","","","","","","","","6","","","","","","","","","","","","","","","","","","","","","",
"Andorra","AND","Battle-related deaths (number of people)","VC.BTL.DETH","","","","","","","","","","","","","","","","","","","","","","","","","","","","","","","","","","","","","","","","","","","","","","","","","","","","","","","","","","","","","",
"Arab World","ARB","Battle-related deaths (number of people)","VC.BTL.DETH","","","","","","","","","","","","","","","","","","","","","","","","","","","","","","","","","","","","","","","","","","","","","","","","","","","","","","","81200","71350","60440","37510","22346","","11090",
"United Arab Emirates","ARE","Battle-related deaths (number of people)","VC.BTL.DETH","","","","","","","","","","","","","","","","","","","","","","","","","","","","","","","","","","","","","","","","","","","","","","","","","","","","","","","","","","","","","",
"Argentina","ARG","Battle-related deaths (number of people)","VC.BTL.DETH","","","","","","","","","","","","","","","","","","","","","","","","","","","","","","","","","0","","","","","","","","","","","","","","","","","","","","","","","","","","","","",
"Armenia","ARM","Battle-related deaths (number of people)","VC.BTL.DETH","","","","","","","","","","","","","","","","","","","","","","","","","","","","","","","","","85","37","30","","","","","","","","","","","1","","","","","","","9","","","9","4","","","","10",
"American Samoa","ASM","Battle-related deaths (number of people)","VC.BTL.DETH","","","","","","","","","","","","","","","","","","","","","","","","","","","","","","","","","","","","","","","","","","","","","","","","","","","","","","","","","","","","","",
"Antigua and Barbuda","ATG","Battle-related deaths (number of people)","VC.BTL.DETH","","","","","","","","","","","","","","","","","","","","","","","","","","","","","","","","","","","","","","","","","","","","","","","","","","","","","","","","","","","","","",
"Australia","AUS","Battle-related deaths (number of people)","VC.BTL.DETH","","","","","","","","","","","","","","","","","","","","","","","","","","","","","","","","","","","","","","","","","","","","","","","","","","","","","","","","","","","1","","",
"Austria","AUT","Battle-related deaths (number of people)","VC.BTL.DETH","","","","","","","","","","","","","","","","","","","","","","","","","","","","","","","","","","","","","","","","","","","","","","","","","","","","","","","","","","","","","",
"Azerbaijan","AZE","Battle-related deaths (number of people)","VC.BTL.DETH","","","","","","","","","","","","","","","","","","","","","","","","","","","","","","","","35","2082","1194","1477","44","","29","34","","","","","","","24","","","30","","","","16","","46","63","137","36","","","7623",
"Burundi","BDI","Battle-related deaths (number of people)","VC.BTL.DETH","","","","","","","","","","","","","","","","","","","","","","","","","","","","","","","","272","61","","56","254","531","639","621","524","1348","1182","1170","972","387","286","141","","201","","","","","","60","181","","","","16","63",
"Belgium","BEL","Battle-related deaths (number of people)","VC.BTL.DETH","","","","","","","","","","","","","","","","","","","","","","","","","","","","","","","","","","","","","","","","","","","","","","","","","","","","","","","","","2","","3","","",
"Benin","BEN","Battle-related deaths (number of people)","VC.BTL.DETH","","","","","","","","","","","","","","","","","","","","","","","","","","","","","","","","","","","","","","","","","","","","","","","","","","","","","","","","","","","","","",
"Burkina Faso","BFA","Battle-related deaths (number of people)","VC.BTL.DETH","","","","","","","","","","","","","","","","","","","","","","","","","","","","","","","","","","","","","","","","","","","","","","","","","","","","","","","","","","","79","349","509",
"Bangladesh","BGD","Battle-related deaths (number of people)","VC.BTL.DETH","","","","","","","","","","","","","","","","","","","","","","","","","","","","","","26","45","25","","","","","","","","","","","","","","62","57","","","","","","","","","","41","47","","","2",
"Bulgaria","BGR","Battle-related deaths (number of people)","VC.BTL.DETH","","","","","","","","","","","","","","","","","","","","","","","","","","","","","","","","","","","","","","","","","","","","","","","","","","","","","","","","","","","","","",
"Bahrain","BHR","Battle-related deaths (number of people)","VC.BTL.DETH","","","","","","","","","","","","","","","","","","","","","","","","","","","","","","","","","","","","","","","","","","","","","","","","","","","","","","","","","","","","","",
"Bahamas, The","BHS","Battle-related deaths (number of people)","VC.BTL.DETH","","","","","","","","","","","","","","","","","","","","","","","","","","","","","","","","","","","","","","","","","","","","","","","","","","","","","","","","","","","","","",
"Bosnia and Herzegovina","BIH","Battle-related deaths (number of people)","VC.BTL.DETH","","","","","","","","","","","","","","","","","","","","","","","","","","","","","","","","","16482","5456","2828","1345","","","","","","","","","","","","","","","","","","","","","","","","","",
"Belarus","BLR","Battle-related deaths (number of people)","VC.BTL.DETH","","","","","","","","","","","","","","","","","","","","","","","","","","","","","","","","","","","","","","","","","","","","","","","","","","","","","","","","","","","","","",
"Belize","BLZ","Battle-related deaths (number of people)","VC.BTL.DETH","","","","","","","","","","","","","","","","","","","","","","","","","","","","","","","","","","","","","","","","","","","","","","","","","","","","","","","","","","","","","",
"Bermuda","BMU","Battle-related deaths (number of people)","VC.BTL.DETH","","","","","","","","","","","","","","","","","","","","","","","","","","","","","","","","","","","","","","","","","","","","","","","","","","","","","","","","","","","","","",
"Bolivia","BOL","Battle-related deaths (number of people)","VC.BTL.DETH","","","","","","","","","","","","","","","","","","","","","","","","","","","","","","","","","","","","","","","","","","","","","","","","","","","","","","","","","","","","","",
"Brazil","BRA","Battle-related deaths (number of people)","VC.BTL.DETH","","","","","","","","","","","","","","","","","","","","","","","","","","","","","","","","","","","","","","","","","","","","","","","","","","","","","","","","","","","","","",
"Barbados","BRB","Battle-related deaths (number of people)","VC.BTL.DETH","","","","","","","","","","","","","","","","","","","","","","","","","","","","","","","","","","","","","","","","","","","","","","","","","","","","","","","","","","","","","",
"Brunei Darussalam","BRN","Battle-related deaths (number of people)","VC.BTL.DETH","","","","","","","","","","","","","","","","","","","","","","","","","","","","","","","","","","","","","","","","","","","","","","","","","","","","","","","","","","","","","",
"Bhutan","BTN","Battle-related deaths (number of people)","VC.BTL.DETH","","","","","","","","","","","","","","","","","","","","","","","","","","","","","","","","","","","","","","4","","","","","","","","","","","","","","","","","","","","","","","",
"Botswana","BWA","Battle-related deaths (number of people)","VC.BTL.DETH","","","","","","","","","","","","","","","","","","","","","","","","","","","","","","","","","","","","","","","","","","","","","","","","","","","","","","","","","","","","","",
"Central African Republic","CAF","Battle-related deaths (number of people)","VC.BTL.DETH","","","","","","","","","","","","","","","","","","","","","","","","","","","","","","","","","","","","","","","","","","195","131","","","","46","","","88","47","48","45","415","17","","","","55","51","57",
"Canada","CAN","Battle-related deaths (number of people)","VC.BTL.DETH","","","","","","","","","","","","","","","","","","","","","","","","","","","","","","","","","","","","","","","","","","","","","","","","","","","","","","","","","","","","","",
"Central Europe and the Baltics","CEB","Battle-related deaths (number of people)","VC.BTL.DETH","","","","","","","","","","","","","","","","","","","","","","","","","","","","","","","","","","","","","","","","","","","","","","","","","","","","","","","","","","","","","",
"Switzerland","CHE","Battle-related deaths (number of people)","VC.BTL.DETH","","","","","","","","","","","","","","","","","","","","","","","","","","","","","","","","","","","","","","","","","","","","","","","","","","","","","","","","","","","","","",
"Channel Islands","CHI","Battle-related deaths (number of people)","VC.BTL.DETH","","","","","","","","","","","","","","","","","","","","","","","","","","","","","","","","","","","","","","","","","","","","","","","","","","","","","","","","","","","","","",
"Chile","CHL","Battle-related deaths (number of people)","VC.BTL.DETH","","","","","","","","","","","","","","","","","","","","","","","","","","","","","","","","","","","","","","","","","","","","","","","","","","","","","","","","","","","","","",
"China","CHN","Battle-related deaths (number of people)","VC.BTL.DETH","","","","","","","","","","","","","","","","","","","","","","","","","","","","","","","","","","","","","","","","","","","","","","","","","36","2","","","","","","5","","","","","",
"Cote d'Ivoire","CIV","Battle-related deaths (number of people)","VC.BTL.DETH","","","","","","","","","","","","","","","","","","","","","","","","","","","","","","","8","","","","","","","","","","","","624","139","47","","","","","","","98","","","","","","","","","",
"Cameroon","CMR","Battle-related deaths (number of people)","VC.BTL.DETH","","","","","","","","","","","","","","","","","","","","","","","","","","","","","","","","","","","","","56","","","","","","","","","","","","","","","","","","969","924","181","98","749","693","429",
"Congo, Dem. Rep.","COD","Battle-related deaths (number of people)","VC.BTL.DETH","","","","","","","","","","","","","","","","","","","","","","","","","","","","","","","","","","","0","","1389","4591","3356","3282","1473","486","76","","","34","177","632","767","1978","300","283","806","1531","993","197","765","3632","821","764","1149",
"Congo, Rep.","COG","Battle-related deaths (number of people)","VC.BTL.DETH","","","","","","","","","","","","","","","","","","","","","","","","","","","","","","","","","","53","","","","10000","3272","626","","","167","","","","","","","","","","","","","","51","","","0","0",
"Colombia","COL","Battle-related deaths (number of people)","VC.BTL.DETH","","","","","","","","","","","","","","","","","","","","","","","","","","","","","","238","501","725","1479","182","1123","823","1192","560","939","1374","1078","1864","2263","730","1234","1389","502","314","219","377","419","202","211","140","119","134","30","","147","132","28",
"Comoros","COM","Battle-related deaths (number of people)","VC.BTL.DETH","","","","","","","","","","","","","","","","","","","","","","","","","","","","","","29","","","","","","","","56","","","","","","","","","","","","","","","","","","","","","","","",
"Cabo Verde","CPV","Battle-related deaths (number of people)","VC.BTL.DETH","","","","","","","","","","","","","","","","","","","","","","","","","","","","","","","","","","","","","","","","","","","","","","","","","","","","","","","","","","","","","",
"Costa Rica","CRI","Battle-related deaths (number of people)","VC.BTL.DETH","","","","","","","","","","","","","","","","","","","","","","","","","","","","","","","","","","","","","","","","","","","","","","","","","","","","","","","","","","","","","",
"Caribbean small states","CSS","Battle-related deaths (number of people)","VC.BTL.DETH","","","","","","","","","","","","","","","","","","","","","","","","","","","","","","","","","","","","","","","","","","","","","","","","","","","","","","","","","","","","","",
"Cuba","CUB","Battle-related deaths (number of people)","VC.BTL.DETH","","","","","","","","","","","","","","","","","","","","","","","","","","","","","","","","","","","","","","","","","","","","","","","","","","","","","","","","","","","","","",
"Curacao","CUW","Battle-related deaths (number of people)","VC.BTL.DETH","","","","","","","","","","","","","","","","","","","","","","","","","","","","","","","","","","","","","","","","","","","","","","","","","","","","","","","","","","","","","",
"Cayman Islands","CYM","Battle-related deaths (number of people)","VC.BTL.DETH","","","","","","","","","","","","","","","","","","","","","","","","","","","","","","","","","","","","","","","","","","","","","","","","","","","","","","","","","","","","","",
"Cyprus","CYP","Battle-related deaths (number of people)","VC.BTL.DETH","","","","","","","","","","","","","","","","","","","","","","","","","","","","","","","","","","","","","","","","","","","","","","","","","","","","","","","","","","","","","",
"Czech Republic","CZE","Battle-related deaths (number of people)","VC.BTL.DETH","","","","","","","","","","","","","","","","","","","","","","","","","","","","","","","","","","","","","","","","","","","","","","","","","","","","","","","","","","","","","",
"Germany","DEU","Battle-related deaths (number of people)","VC.BTL.DETH","","","","","","","","","","","","","","","","","","","","","","","","","","","","","","3","1","","","","","","","","","","","","","","","","","","","","","","","","","","","","","","",
"Djibouti","DJI","Battle-related deaths (number of people)","VC.BTL.DETH","","","","","","","","","","","","","","","","","","","","","","","","","","","","","","6","60","59","129","33","39","","","","","25","","","","","","","","","35","","","","","","","","","","","","",
"Dominica","DMA","Battle-related deaths (number of people)","VC.BTL.DETH","","","","","","","","","","","","","","","","","","","","","","","","","","","","","","","","","","","","","","","","","","","","","","","","","","","","","","","","","","","","","",
"Denmark","DNK","Battle-related deaths (number of people)","VC.BTL.DETH","","","","","","","","","","","","","","","","","","","","","","","","","","","","","","","","","","","","","","","","","","","","","","","","","","","","","","","","","","","","","",
"Dominican Republic","DOM","Battle-related deaths (number of people)","VC.BTL.DETH","","","","","","","","","","","","","","","","","","","","","","","","","","","","","","","","","","","","","","","","","","","","","","","","","","","","","","","","","","","","","",
"Algeria","DZA","Battle-related deaths (number of people)","VC.BTL.DETH","","","","","","","","","","","","","","","","","","","","","","","","","","","","","","","","34","257","800","1916","3008","1084","1403","3029","1016","932","642","539","670","397","217","255","472","339","505","236","267","256","147","107","110","86","60","33","","25",
"East Asia & Pacific (excluding high income)","EAP","Battle-related deaths (number of people)","VC.BTL.DETH","","","","","","","","","","","","","","","","","","","","","","","","","","","","","","","","","","","","","","","","","","","","","","","","","711","1222","","","","","","1263","","","","","",
"Early-demographic dividend","EAR","Battle-related deaths (number of people)","VC.BTL.DETH","","","","","","","","","","","","","","","","","","","","","","","","","","","","","","","58184","20209","12151","7603","12264","","9805","6624","9424","35688","55151","6027","8591","6112","6225","4318","4035","","","","","","","","","","51104","29123","20795","13454","11452",
"East Asia & Pacific","EAS","Battle-related deaths (number of people)","VC.BTL.DETH","","","","","","","","","","","","","","","","","","","","","","","","","","","","","","","","","","","","","","","","","","","","","","","","","711","1222","","","","","","1263","","","","","",
"Europe & Central Asia (excluding high income)","ECA","Battle-related deaths (number of people)","VC.BTL.DETH","","","","","","","","","","","","","","","","","","","","","","","","","","","","","","","","","","","","","","","","","","","","","","","","","","","","","","","","2372","1840","896","","","8050",
"Europe & Central Asia","ECS","Battle-related deaths (number of people)","VC.BTL.DETH","","","","","","","","","","","","","","","","","","","","","","","","","","","","","","","","","","","","","","","","","","","","","","","","","","","","","","","","","","","","","",
"Ecuador","ECU","Battle-related deaths (number of people)","VC.BTL.DETH","","","","","","","","","","","","","","","","","","","","","","","","","","","","","","","","","","","","11","","","","","","","","","","","","","25","","","","","","","","","","","2","",
"Egypt, Arab Rep.","EGY","Battle-related deaths (number of people)","VC.BTL.DETH","","","","","","","","","","","","","","","","","","","","","","","","","","","","","","","","","","103","145","187","85","66","27","","","","","","","","","","","","","","","","184","767","355","497","680","445","327",
"Euro area","EMU","Battle-related deaths (number of people)","VC.BTL.DETH","","","","","","","","","","","","","","","","","","","","","","","","","","","","","","","","","","","","","","","","","","","","","","","","","","","","","","","","","","","","","",
"Eritrea","ERI","Battle-related deaths (number of people)","VC.BTL.DETH","","","","","","","","","","","","","","","","","","","","","","","","","","","","","","","","","","","","","","31","10","17203","1793","","","57","","","","","","","","","","","","","25","","","","",
"Spain","ESP","Battle-related deaths (number of people)","VC.BTL.DETH","","","","","","","","","","","","","","","","","","","","","","","","","","","","","","","","44","","","","","","","","","","","","","","","","","","","","","","","","","","","","","",
"Estonia","EST","Battle-related deaths (number of people)","VC.BTL.DETH","","","","","","","","","","","","","","","","","","","","","","","","","","","","","","","","","","","","","","","","","","","","","","","","","","","","","","","","","","","","","",
"Ethiopia","ETH","Battle-related deaths (number of people)","VC.BTL.DETH","","","","","","","","","","","","","","","","","","","","","","","","","","","","","","24358","49698","12225","165","36","75","29","52","","1040","30704","48257","40","50","50","50","83","50","177","50","515","151","51","50","77","25","49","50","","","27","1343",
"European Union","EUU","Battle-related deaths (number of people)","VC.BTL.DETH","","","","","","","","","","","","","","","","","","","","","","","","","","","","","","","","","","","","","","","","","","","","","","","","","","","","","","","","","","","","","",
"Fragile and conflict affected situations","FCS","Battle-related deaths (number of people)","VC.BTL.DETH","","","","","","","","","","","","","","","","","","","","","","","","","","","","","","","","","","","","","","","","","","","","","","","","","","12763","","19501","68202","89145","101194","95664","82736","63254","51599","48723","46803",
"Finland","FIN","Battle-related deaths (number of people)","VC.BTL.DETH","","","","","","","","","","","","","","","","","","","","","","","","","","","","","","","","","","","","","","","","","","","","","","","","","","","","","","","","","","","","","",
"Fiji","FJI","Battle-related deaths (number of people)","VC.BTL.DETH","","","","","","","","","","","","","","","","","","","","","","","","","","","","","","","","","","","","","","","","","","","","","","","","","","","","","","","","","","","","","",
"France","FRA","Battle-related deaths (number of people)","VC.BTL.DETH","","","","","","","","","","","","","","","","","","","","","","","","","","","","","","","","","0","","","","0","","","","","","","","","","","","","","","","","","","3","","2","4","","",
"Faroe Islands","FRO","Battle-related deaths (number of people)","VC.BTL.DETH","","","","","","","","","","","","","","","","","","","","","","","","","","","","","","","","","","","","","","","","","","","","","","","","","","","","","","","","","","","","","",
"Micronesia, Fed. Sts.","FSM","Battle-related deaths (number of people)","VC.BTL.DETH","","","","","","","","","","","","","","","","","","","","","","","","","","","","","","","","","","","","","","","","","","","","","","","","","","","","","","","","","","","","","",
"Gabon","GAB","Battle-related deaths (number of people)","VC.BTL.DETH","","","","","","","","","","","","","","","","","","","","","","","","","","","","","","","","","","","","","","","","","","","","","","","","","","","","","","","","","","","","","",
"United Kingdom","GBR","Battle-related deaths (number of people)","VC.BTL.DETH","","","","","","","","","","","","","","","","","","","","","","","","","","","","","","35","41","26","","","","","","","29","","","","","","","","","","","","","","","","","","","","","1","",
"Georgia","GEO","Battle-related deaths (number of people)","VC.BTL.DETH","","","","","","","","","","","","","","","","","","","","","","","","","","","","","","","","52","771","1763","","","","","","","","","0","","27","","","","621","","","","","","","","","","","","",
"Ghana","GHA","Battle-related deaths (number of people)","VC.BTL.DETH","","","","","","","","","","","","","","","","","","","","","","","","","","","","","","","","","","","","","","","","","","","","","","","","","","","","","","","","","","","","","",
"Gibraltar","GIB","Battle-related deaths (number of people)","VC.BTL.DETH","","","","","","","","","","","","","","","","","","","","","","","","","","","","","","","","","","","","","","","","","","","","","","","","","","","","","","","","","","","","","",
"Guinea","GIN","Battle-related deaths (number of people)","VC.BTL.DETH","","","","","","","","","","","","","","","","","","","","","","","","","","","","","","","","","","","","","","","","","217","430","","","","","","","","","","","","","","","","","","","",
"Gambia, The","GMB","Battle-related deaths (number of people)","VC.BTL.DETH","","","","","","","","","","","","","","","","","","","","","","","","","","","","","","","","","","","","","","","","","","","","","","","","","","","","","","","","","","","","","",
"Guinea-Bissau","GNB","Battle-related deaths (number of people)","VC.BTL.DETH","","","","","","","","","","","","","","","","","","","","","","","","","","","","","","","","","2","","","","","","505","199","0","","","","","","","","","","","","","","","","","","","","",
"Equatorial Guinea","GNQ","Battle-related deaths (number of people)","VC.BTL.DETH","","","","","","","","","","","","","","","","","","","","","","","","","","","","","","","","","","","","","","","","","","","","","","","","","","","","","","","","","","","","","",
"Greece","GRC","Battle-related deaths (number of people)","VC.BTL.DETH","","","","","","","","","","","","","","","","","","","","","","","","","","","","","","","","","","","","","","","","","","","","","","","","","","","","","","","","","","","","","",
"Grenada","GRD","Battle-related deaths (number of people)","VC.BTL.DETH","","","","","","","","","","","","","","","","","","","","","","","","","","","","","","","","","","","","","","","","","","","","","","","","","","","","","","","","","","","","","",
"Greenland","GRL","Battle-related deaths (number of people)","VC.BTL.DETH","","","","","","","","","","","","","","","","","","","","","","","","","","","","","","","","","","","","","","","","","","","","","","","","","","","","","","","","","","","","","",
"Guatemala","GTM","Battle-related deaths (number of people)","VC.BTL.DETH","","","","","","","","","","","","","","","","","","","","","","","","","","","","","","82","83","72","67","58","37","27","","","","","","","","","","","","","","","","","","","","","","","","","",
"Guam","GUM","Battle-related deaths (number of people)","VC.BTL.DETH","","","","","","","","","","","","","","","","","","","","","","","","","","","","","","","","","","","","","","","","","","","","","","","","","","","","","","","","","","","","","",
"Guyana","GUY","Battle-related deaths (number of people)","VC.BTL.DETH","","","","","","","","","","","","","","","","","","","","","","","","","","","","","","","","","","","","","","","","","","","","","","","","","","","","","","","","","","","","","",
"High income","HIC","Battle-related deaths (number of people)","VC.BTL.DETH","","","","","","","","","","","","","","","","","","","","","","","","","","","","","","","","","","","","","","","","","","","","","","","","","","","","","","","","","","","","","",
"Hong Kong SAR, China","HKG","Battle-related deaths (number of people)","VC.BTL.DETH","","","","","","","","","","","","","","","","","","","","","","","","","","","","","","","","","","","","","","","","","","","","","","","","","","","","","","","","","","","","","",
"Honduras","HND","Battle-related deaths (number of people)","VC.BTL.DETH","","","","","","","","","","","","","","","","","","","","","","","","","","","","","","","","","","","","","","","","","","","","","","","","","","","","","","","","","","","","","",
"Heavily indebted poor countries (HIPC)","HPC","Battle-related deaths (number of people)","VC.BTL.DETH","","","","","","","","","","","","","","","","","","","","","","","","","","","","","","","","","","","","","","","","","","","","","","","","","","","","","","","","","","","","","",
"Croatia","HRV","Battle-related deaths (number of people)","VC.BTL.DETH","","","","","","","","","","","","","","","","","","","","","","","","","","","","","","","","","142","345","","826","","","","","","","","","","","","","","","","","","","","","","","","","",
"Haiti","HTI","Battle-related deaths (number of people)","VC.BTL.DETH","","","","","","","","","","","","","","","","","","","","","","","","","","","","","","48","","160","","","","","","","","","","","","","207","","","","","","","","","","","","","","","","",
"Hungary","HUN","Battle-related deaths (number of people)","VC.BTL.DETH","","","","","","","","","","","","","","","","","","","","","","","","","","","","","","","","","","","","","","","","","","","","","","","","","","","","","","","","","","","","","",
"IBRD only","IBD","Battle-related deaths (number of people)","VC.BTL.DETH","","","","","","","","","","","","","","","","","","","","","","","","","","","","","","","","","","","","","","","","","","","","","","","","","14427","15269","","","","","","15073","","","","","",
"IDA & IBRD total","IBT","Battle-related deaths (number of people)","VC.BTL.DETH","","","","","","","","","","","","","","","","","","","","","","","","","","","","","","","","","","","","","","","","","","","","","","","","","","33853","","","","","","102288","","","","","",
"IDA total","IDA","Battle-related deaths (number of people)","VC.BTL.DETH","","","","","","","","","","","","","","","","","","","","","","","","","","","","","","","","","","","","","","","","","","","","","","","","","","","","","","","","","72130","","","","38138",
"IDA blend","IDB","Battle-related deaths (number of people)","VC.BTL.DETH","","","","","","","","","","","","","","","","","","","","","","","","","","","","","","","","","","","","","","","","","","","","","547","","","","","7269","","3190","3858","3475","7964","7735","3568","2757","2219","2347","2893",
"Indonesia","IDN","Battle-related deaths (number of people)","VC.BTL.DETH","","","","","","","","","","","","","","","","","","","","","","","","","","","","","","","72","58","39","","","","","51","30","213","286","278","466","868","935","213","","","","","","","","","","","","","25","","",
"IDA only","IDX","Battle-related deaths (number of people)","VC.BTL.DETH","","","","","","","","","","","","","","","","","","","","","","","","","","","","","","","","","","","","","","","","","","","","","","","","","","","","","","","","","","","","","35245",
"Isle of Man","IMN","Battle-related deaths (number of people)","VC.BTL.DETH","","","","","","","","","","","","","","","","","","","","","","","","","","","","","","","","","","","","","","","","","","","","","","","","","","","","","","","","","","","","","",
"India","IND","Battle-related deaths (number of people)","VC.BTL.DETH","","","","","","","","","","","","","","","","","","","","","","","","","","","","","","1002","2326","3153","3078","1503","1178","836","833","950","881","2041","2929","1159","1868","1515","1374","1382","1373","1086","1076","1115","1028","439","416","405","473","504","636","665","824","594","584",
"Not classified","INX","Battle-related deaths (number of people)","VC.BTL.DETH","","","","","","","","","","","","","","","","","","","","","","","","","","","","","","","","","","","","","","","","","","","","","","","","","","","","","","","","","","","","","",
"Ireland","IRL","Battle-related deaths (number of people)","VC.BTL.DETH","","","","","","","","","","","","","","","","","","","","","","","","","","","","","","","","","","","","","","","","","","","","","","","","","","","","","","","","","","","","","",
"Iran, Islamic Rep.","IRN","Battle-related deaths (number of people)","VC.BTL.DETH","","","","","","","","","","","","","","","","","","","","","","","","","","","","","","","31","44","","143","","","34","37","","19","40","112","","","","28","52","86","117","133","74","219","","","","","22","27","60","31","204",
"Iraq","IRQ","Battle-related deaths (number of people)","VC.BTL.DETH","","","","","","","","","","","","","","","","","","","","","","","","","","","","","","50","94","23038","327","118","149","657","572","2020","32","270","53","36","26","7927","4094","2608","3928","2217","2200","1043","1118","1072","638","1882","12221","10200","9624","10204","1257","742","858",
"Iceland","ISL","Battle-related deaths (number of people)","VC.BTL.DETH","","","","","","","","","","","","","","","","","","","","","","","","","","","","","","","","","","","","","","","","","","","","","","","","","","","","","","","","","","","","","",
"Israel","ISR","Battle-related deaths (number of people)","VC.BTL.DETH","","","","","","","","","","","","","","","","","","","","","","","","","","","","","","5","18","16","31","49","44","35","71","","","","77","244","611","309","378","120","547","276","665","696","27","78","235","","2371","","","","53","48","",
"Italy","ITA","Battle-related deaths (number of people)","VC.BTL.DETH","","","","","","","","","","","","","","","","","","","","","","","","","","","","","","","","","","0","","","","","","","","","","","","","","","","","","","","","","","","","","","",
"Jamaica","JAM","Battle-related deaths (number of people)","VC.BTL.DETH","","","","","","","","","","","","","","","","","","","","","","","","","","","","","","","","","","","","","","","","","","","","","","","","","","","","","","","","","","","","","",
"Jordan","JOR","Battle-related deaths (number of people)","VC.BTL.DETH","","","","","","","","","","","","","","","","","","","","","","","","","","","","","","","","","","","","","","","","","","","","","","","","","","","","","","","","1","34","","","","",
"Japan","JPN","Battle-related deaths (number of people)","VC.BTL.DETH","","","","","","","","","","","","","","","","","","","","","","","","","","","","","","","","","","","","","","","","","","","","","","","","","","","","","","","","","","","","","",
"Kazakhstan","KAZ","Battle-related deaths (number of people)","VC.BTL.DETH","","","","","","","","","","","","","","","","","","","","","","","","","","","","","","","","","","","","","","","","","","","","","","","","","","","","","","","","","","","","","",
"Kenya","KEN","Battle-related deaths (number of people)","VC.BTL.DETH","","","","","","","","","","","","","","","","","","","","","","","","","","","","","","","","","","","","","","","","18","","10","","","","","","1","","","","2","29","29","42","48","49","85","69","61","94",
"Kyrgyz Republic","KGZ","Battle-related deaths (number of people)","VC.BTL.DETH","","","","","","","","","","","","","","","","","","","","","","","","","","","","","","","","","","","","","","","","14","174","","","","","","","","","","","","","","","","","","","","",
"Cambodia","KHM","Battle-related deaths (number of people)","VC.BTL.DETH","","","","","","","","","","","","","","","","","","","","","","","","","","","","","","814","274","220","118","274","464","694","788","415","243","","","","","","","","","","","","","10","","","","","","","","","",
"Kiribati","KIR","Battle-related deaths (number of people)","VC.BTL.DETH","","","","","","","","","","","","","","","","","","","","","","","","","","","","","","","","","","","","","","","","","","","","","","","","","","","","","","","","","","","","","",
"St. Kitts and Nevis","KNA","Battle-related deaths (number of people)","VC.BTL.DETH","","","","","","","","","","","","","","","","","","","","","","","","","","","","","","","","","","","","","","","","","","","","","","","","","","","","","","","","","","","","","",
"Korea, Rep.","KOR","Battle-related deaths (number of people)","VC.BTL.DETH","","","","","","","","","","","","","","","","","","","","","","","","","","","","","","","","","","","","","","","","","","","","","","","","","","","","","","","","","","","","","",
"Kuwait","KWT","Battle-related deaths (number of people)","VC.BTL.DETH","","","","","","","","","","","","","","","","","","","","","","","","","","","","","","","1058","135","","","","","","","","","","","","","","","","","","","","","","","","","","","","","",
"Latin America & Caribbean (excluding high income)","LAC","Battle-related deaths (number of people)","VC.BTL.DETH","","","","","","","","","","","","","","","","","","","","","","","","","","","","","","","","","","","","","","","","","","","","","","","","","","","","","","","","","","","","","",
"Lao PDR","LAO","Battle-related deaths (number of people)","VC.BTL.DETH","","","","","","","","","","","","","","","","","","","","","","","","","","","","","","30","249","","","","","","","","","","","","","","","","","","","","","","","","","","","","","","",
"Lebanon","LBN","Battle-related deaths (number of people)","VC.BTL.DETH","","","","","","","","","","","","","","","","","","","","","","","","","","","","","","760","753","40","89","122","82","73","90","82","54","41","","","","","","","588","","","","","","","2","137","76","","74","","","",
"Liberia","LBR","Battle-related deaths (number of people)","VC.BTL.DETH","","","","","","","","","","","","","","","","","","","","","","","","","","","","","","27","339","","","5","","","","","","","57","341","492","1787","","","","","","","","","","","","","","","","","",
"Libya","LBY","Battle-related deaths (number of people)","VC.BTL.DETH","","","","","","","","","","","","","","","","","","","","","","","","","","","","","","","","","","","","","","","","","","","","","","","","","","","","3762","","31","274","275","1727","404","44","1631","668",
"St. Lucia","LCA","Battle-related deaths (number of people)","VC.BTL.DETH","","","","","","","","","","","","","","","","","","","","","","","","","","","","","","","","","","","","","","","","","","","","","","","","","","","","","","","","","","","","","",
"Latin America & Caribbean","LCN","Battle-related deaths (number of people)","VC.BTL.DETH","","","","","","","","","","","","","","","","","","","","","","","","","","","","","","","","","","","","","","","","","","","","","","","","","","","","","","","","","","","","","",
"Least developed countries: UN classification","LDC","Battle-related deaths (number of people)","VC.BTL.DETH","","","","","","","","","","","","","","","","","","","","","","","","","","","","","","","","","","","","","","","","","","","","","","","","","","","","","","","","","","","","","30404",
"Low income","LIC","Battle-related deaths (number of people)","VC.BTL.DETH","","","","","","","","","","","","","","","","","","","","","","","","","","","","","","","","","","","13428","","","","","","","","","","","","","","","","","","","85324","","","","","","43792","35060",
"Liechtenstein","LIE","Battle-related deaths (number of people)","VC.BTL.DETH","","","","","","","","","","","","","","","","","","","","","","","","","","","","","","","","","","","","","","","","","","","","","","","","","","","","","","","","","","","","","",
"Sri Lanka","LKA","Battle-related deaths (number of people)","VC.BTL.DETH","","","","","","","","","","","","","","","","","","","","","","","","","","","","","","533","3622","6432","4091","2075","657","4755","3868","2880","3762","1882","2525","1144","","29","","88","1970","2494","8262","10165","","","","","","","","","","","",
"Lower middle income","LMC","Battle-related deaths (number of people)","VC.BTL.DETH","","","","","","","","","","","","","","","","","","","","","","","","","","","","","","","12161","13108","","","","","","17029","13686","8591","10328","5908","","5895","5778","3813","","","","","","5339","","","13763","11631","5722","6624","4603","4543","4782",
"Low & middle income","LMY","Battle-related deaths (number of people)","VC.BTL.DETH","","","","","","","","","","","","","","","","","","","","","","","","","","","","","","","","","","","","","","","","","","","","","","","","","","33853","","","","","","102288","","","","","",
"Lesotho","LSO","Battle-related deaths (number of people)","VC.BTL.DETH","","","","","","","","","","","","","","","","","","","","","","","","","","","","","","","","","","","","","","","78","","","","","","","","","","","","","","","","","","","","","","",
"Late-demographic dividend","LTE","Battle-related deaths (number of people)","VC.BTL.DETH","","","","","","","","","","","","","","","","","","","","","","","","","","","","","","","","","","","","","","","","","","","","","","","","","9720","11378","","","","","","428","","","","","",
"Lithuania","LTU","Battle-related deaths (number of people)","VC.BTL.DETH","","","","","","","","","","","","","","","","","","","","","","","","","","","","","","","","","","","","","","","","","","","","","","","","","","","","","","","","","","","","","",
"Luxembourg","LUX","Battle-related deaths (number of people)","VC.BTL.DETH","","","","","","","","","","","","","","","","","","","","","","","","","","","","","","","","","","","","","","","","","","","","","","","","","","","","","","","","","","","","","",
"Latvia","LVA","Battle-related deaths (number of people)","VC.BTL.DETH","","","","","","","","","","","","","","","","","","","","","","","","","","","","","","","","","","","","","","","","","","","","","","","","","","","","","","","","","","","","","",
"Macao SAR, China","MAC","Battle-related deaths (number of people)","VC.BTL.DETH","","","","","","","","","","","","","","","","","","","","","","","","","","","","","","","","","","","","","","","","","","","","","","","","","","","","","","","","","","","","","",
"St. Martin (French part)","MAF","Battle-related deaths (number of people)","VC.BTL.DETH","","","","","","","","","","","","","","","","","","","","","","","","","","","","","","","","","","","","","","","","","","","","","","","","","","","","","","","","","","","","","",
"Morocco","MAR","Battle-related deaths (number of people)","VC.BTL.DETH","","","","","","","","","","","","","","","","","","","","","","","","","","","","","","207","","","","","","","","","","","","","","","","","","","","","","","","","","","","","","","",
"Monaco","MCO","Battle-related deaths (number of people)","VC.BTL.DETH","","","","","","","","","","","","","","","","","","","","","","","","","","","","","","207","","","","","","","","","","","","","","","","","","","","","","","","","","","","","","","",
"Moldova","MDA","Battle-related deaths (number of people)","VC.BTL.DETH","","","","","","","","","","","","","","","","","","","","","","","","","","","","","","","","","585","","","","","","","","","","","","","","","","","","","","","","","","","","","","",
"Madagascar","MDG","Battle-related deaths (number of people)","VC.BTL.DETH","","","","","","","","","","","","","","","","","","","","","","","","","","","","","","","","","","","","","","","","","","","","","","","","","","","","","","","","","","","","","",
"Maldives","MDV","Battle-related deaths (number of people)","VC.BTL.DETH","","","","","","","","","","","","","","","","","","","","","","","","","","","","","","","","","","","","","","","","","","","","","","","","","","","","","","","","","","","","","",
"Middle East & North Africa","MEA","Battle-related deaths (number of people)","VC.BTL.DETH","","","","","","","","","","","","","","","","","","","","","","","","","","","","","","","","","","","","","","","","","","","","","","","","","","","","","","","","","57228","35459","20008","12150","9307",
"Mexico","MEX","Battle-related deaths (number of people)","VC.BTL.DETH","","","","","","","","","","","","","","","","","","","","","","","","","","","","","","","","","","","145","","37","","","","","","","","","","","","","","","","","","","","","","","","",
"Marshall Islands","MHL","Battle-related deaths (number of people)","VC.BTL.DETH","","","","","","","","","","","","","","","","","","","","","","","","","","","","","","","","","","","","","","","","","","","","","","","","","","","","","","","","","","","","","",
"Middle income","MIC","Battle-related deaths (number of people)","VC.BTL.DETH","","","","","","","","","","","","","","","","","","","","","","","","","","","","","","","","","","","","","","","","","","","","","","","","","","22726","","","","","","23437","","","","","",
"North Macedonia","MKD","Battle-related deaths (number of people)","VC.BTL.DETH","","","","","","","","","","","","","","","","","","","","","","","","","","","","","","","","","","","","","","","","","","72","","","","","","","","","","","","","","","","","","","",
"Mali","MLI","Battle-related deaths (number of people)","VC.BTL.DETH","","","","","","","","","","","","","","","","","","","","","","","","","","","","","","","457","59","","","106","","","","","","","","","","","12","","39","112","126","28","","218","805","189","172","96","359","522","603","564",
"Malta","MLT","Battle-related deaths (number of people)","VC.BTL.DETH","","","","","","","","","","","","","","","","","","","","","","","","","","","","","","","","","","","","0","","","","","","","","","","","","","","","","","","","","","","","","","",
"Myanmar","MMR","Battle-related deaths (number of people)","VC.BTL.DETH","","","","","","","","","","","","","","","","","","","","","","","","","","","","","","997","536","777","1617","130","685","317","229","323","61","25","215","193","271","38","27","139","244","348","46","188","150","713","702","278","187","629","118","517","99","558","158",
"Middle East & North Africa (excluding high income)","MNA","Battle-related deaths (number of people)","VC.BTL.DETH","","","","","","","","","","","","","","","","","","","","","","","","","","","","","","","","","","1319","","","1865","3608","","","","","","","","","","","","","","","","","","","57108","35455","19944","12100","9307",
"Montenegro","MNE","Battle-related deaths (number of people)","VC.BTL.DETH","","","","","","","","","","","","","","","","","","","","","","","","","","","","","","","","","","","","","","","","","","","","","","","","","","","","","","","","","","","","","",
"Mongolia","MNG","Battle-related deaths (number of people)","VC.BTL.DETH","","","","","","","","","","","","","","","","","","","","","","","","","","","","","","","","","","","","","","","","","","","","","","","","","","","","","","","","","","","","","",
"Northern Mariana Islands","MNP","Battle-related deaths (number of people)","VC.BTL.DETH","","","","","","","","","","","","","","","","","","","","","","","","","","","","","","","","","","","","","","","","","","","","","","","","","","","","","","","","","","","","","",
"Mozambique","MOZ","Battle-related deaths (number of people)","VC.BTL.DETH","","","","","","","","","","","","","","","","","","","","","","","","","","","","","","1149","1577","1326","309","","","","","","","","","","","","","","","","","","","","","42","30","","55","","53","290","924",
"Mauritania","MRT","Battle-related deaths (number of people)","VC.BTL.DETH","","","","","","","","","","","","","","","","","","","","","","","","","","","","","","","","","","","","","","","","","","","","","","","","","","","1","","","","","","","","","","",
"Mauritius","MUS","Battle-related deaths (number of people)","VC.BTL.DETH","","","","","","","","","","","","","","","","","","","","","","","","","","","","","","","","","","","","","","","","","","","","","","","","","","","","","","","","","","","","","",
"Malawi","MWI","Battle-related deaths (number of people)","VC.BTL.DETH","","","","","","","","","","","","","","","","","","","","","","","","","","","","","","","","","","","","","","","","","","","","","","","","","","","","","","","","","","","","","",
"Malaysia","MYS","Battle-related deaths (number of people)","VC.BTL.DETH","","","","","","","","","","","","","","","","","","","","","","","","","","","","","","","","","","","","","","","","","","","","","","","","","","","","","","70","","","","1","","","",
"North America","NAC","Battle-related deaths (number of people)","VC.BTL.DETH","","","","","","","","","","","","","","","","","","","","","","","","","","","","","","","","","","","","","","","","","","233","","","","","","","","","","","","","","","","","","","",
"Namibia","NAM","Battle-related deaths (number of people)","VC.BTL.DETH","","","","","","","","","","","","","","","","","","","","","","","","","","","","","","","","","","","","","","","","1","57","","5","","","","","","","","","","","","","","","","","","",
"New Caledonia","NCL","Battle-related deaths (number of people)","VC.BTL.DETH","","","","","","","","","","","","","","","","","","","","","","","","","","","","","","","","","","","","","","","","","","","","","","","","","","","","","","","","","","","","","",
"Niger","NER","Battle-related deaths (number of people)","VC.BTL.DETH","","","","","","","","","","","","","","","","","","","","","","","","","","","","","","","","40","29","","50","34","","62","","","","","","","4","","","81","47","","","","","31","","368","274","229","74","283","512",
"Nigeria","NGA","Battle-related deaths (number of people)","VC.BTL.DETH","","","","","","","","","","","","","","","","","","","","","","","","","","","","","","","","","","","","","","","","","","","","","151","","","","","405","","325","811","1629","3811","4637","2491","1879","1173","1326","1997",
"Nicaragua","NIC","Battle-related deaths (number of people)","VC.BTL.DETH","","","","","","","","","","","","","","","","","","","","","","","","","","","","","","526","39","","","","","","","","","","","","","","","","","","","","","","","","","","","","","","",
"Netherlands","NLD","Battle-related deaths (number of people)","VC.BTL.DETH","","","","","","","","","","","","","","","","","","","","","","","","","","","","","","","2","","","","","","","","","","","","","","","","","","","","","","","","","","","","","","",
"Norway","NOR","Battle-related deaths (number of people)","VC.BTL.DETH","","","","","","","","","","","","","","","","","","","","","","","","","","","","","","","","","","","","","","","","","","","","","","","","","","","","","","","","","","","","","",
"Nepal","NPL","Battle-related deaths (number of people)","VC.BTL.DETH","","","","","","","","","","","","","","","","","","","","","","","","","","","","","","","","","","","","","44","40","250","156","268","429","3946","1341","1880","1104","457","","","","","","","","","","","","","","",
"Nauru","NRU","Battle-related deaths (number of people)","VC.BTL.DETH","","","","","","","","","","","","","","","","","","","","","","","","","","","","","","","","","","","","","","","","","","","","","","","","","","","","","","","","","","","","","",
"New Zealand","NZL","Battle-related deaths (number of people)","VC.BTL.DETH","","","","","","","","","","","","","","","","","","","","","","","","","","","","","","","","","","","","","","","","","","","","","","","","","","","","","","","","","","","","","",
"OECD members","OED","Battle-related deaths (number of people)","VC.BTL.DETH","","","","","","","","","","","","","","","","","","","","","","","","","","","","","","","","","","","","","","","","","","","","","","","","","","","","","","","","","","","","","",
"Oman","OMN","Battle-related deaths (number of people)","VC.BTL.DETH","","","","","","","","","","","","","","","","","","","","","","","","","","","","","","","","","","","","","","","","","","","","","","","","","","","","","","","","","","","","","",
"Other small states","OSS","Battle-related deaths (number of people)","VC.BTL.DETH","","","","","","","","","","","","","","","","","","","","","","","","","","","","","","","","","","","","","","","","","","","","","","","","","","","","","","","","","","","","","",
"Pakistan","PAK","Battle-related deaths (number of people)","VC.BTL.DETH","","","","","","","","","","","","","","","","","","","","","","","","","","","","","","","73","27","","0","74","69","47","45","52","32","59","36","148","175","359","110","419","747","3537","6864","6052","2863","3018","1817","3142","2126","796","695","228","267","373",
"Panama","PAN","Battle-related deaths (number of people)","VC.BTL.DETH","","","","","","","","","","","","","","","","","","","","","","","","","","","","","","920","","","","","","","","","","","","","","","","","","","","","","","","","","","","","","","",
"Peru","PER","Battle-related deaths (number of people)","VC.BTL.DETH","","","","","","","","","","","","","","","","","","","","","","","","","","","","","","1827","1099","1138","1036","672","253","266","80","93","25","75","","","","","","","","32","40","50","28","","","","","","","","","","5",
"Philippines","PHL","Battle-related deaths (number of people)","VC.BTL.DETH","","","","","","","","","","","","","","","","","","","","","","","","","","","","","","937","1306","1515","430","253","265","152","180","302","93","199","1567","749","662","1056","339","470","360","439","481","894","332","350","295","514","470","572","550","1620","420","309","348",
"Palau","PLW","Battle-related deaths (number of people)","VC.BTL.DETH","","","","","","","","","","","","","","","","","","","","","","","","","","","","","","","","","","","","","","","","","","","","","","","","","","","","","","","","","","","","","",
"Papua New Guinea","PNG","Battle-related deaths (number of people)","VC.BTL.DETH","","","","","","","","","","","","","","","","","","","","","","","","","","","","","","","55","","33","34","26","29","78","","","","","","","","","","","","","","","","","","","","","","","","",
"Poland","POL","Battle-related deaths (number of people)","VC.BTL.DETH","","","","","","","","","","","","","","","","","","","","","","","","","","","","","","","","","","","","","","","","","","","","","","","","","","","","","","","","","","","","","",
"Pre-demographic dividend","PRE","Battle-related deaths (number of people)","VC.BTL.DETH","","","","","","","","","","","","","","","","","","","","","","","","","","","","","","","","","","","","","","","","","","","","","","","","","","","","","","","","","","38144","","37342","29916",
"Puerto Rico","PRI","Battle-related deaths (number of people)","VC.BTL.DETH","","","","","","","","","","","","","","","","","","","","","","","","","","","","","","","","","","","","","","","","","","","","","","","","","","","","","","","","","","","","","",
"Korea, Dem. People's Rep.","PRK","Battle-related deaths (number of people)","VC.BTL.DETH","","","","","","","","","","","","","","","","","","","","","","","","","","","","","","","","","","","","","","","","","","","","","","","","","","","","","","","","","","","","","",
"Portugal","PRT","Battle-related deaths (number of people)","VC.BTL.DETH","","","","","","","","","","","","","","","","","","","","","","","","","","","","","","","","","","","","","","","","","","","","","","","","","","","","","","","","","","","","","",
"Paraguay","PRY","Battle-related deaths (number of people)","VC.BTL.DETH","","","","","","","","","","","","","","","","","","","","","","","","","","","","","","150","","","","","","","","","","","","","","","","","","","","","","","","","","","","","","","",
"West Bank and Gaza","PSE","Battle-related deaths (number of people)","VC.BTL.DETH","","","","","","","","","","","","","","","","","","","","","","","","","","","","","","","","","","","","","","","","","","","","","","","","","","","","","","","","","","","","","",
"Pacific island small states","PSS","Battle-related deaths (number of people)","VC.BTL.DETH","","","","","","","","","","","","","","","","","","","","","","","","","","","","","","","","","","","","","","","","","","","","","","","","","","","","","","","","","","","","","",
"Post-demographic dividend","PST","Battle-related deaths (number of people)","VC.BTL.DETH","","","","","","","","","","","","","","","","","","","","","","","","","","","","","","","","","","","","","","","","","","","","","","","","","","","","","","","","","","","","","",
"French Polynesia","PYF","Battle-related deaths (number of people)","VC.BTL.DETH","","","","","","","","","","","","","","","","","","","","","","","","","","","","","","","","","","","","","","","","","","","","","","","","","","","","","","","","","","","","","",
"Qatar","QAT","Battle-related deaths (number of people)","VC.BTL.DETH","","","","","","","","","","","","","","","","","","","","","","","","","","","","","","","","","","","","","","","","","","","","","0","","","","","","","","","","","","","","","","",
"Romania","ROU","Battle-related deaths (number of people)","VC.BTL.DETH","","","","","","","","","","","","","","","","","","","","","","","","","","","","","","249","","","","","","","","","","","","","","","","","","","","","","","","","","","","","","","",
"Russian Federation","RUS","Battle-related deaths (number of people)","VC.BTL.DETH","","","","","","","","","","","","","","","","","","","","","","","","","","","","","","","192","220","","145","229","1754","2721","","","5854","2907","791","1289","480","1151","682","259","176","404","696","418","356","516","321","174","84","69","53","30","26","32",
"Rwanda","RWA","Battle-related deaths (number of people)","VC.BTL.DETH","","","","","","","","","","","","","","","","","","","","","","","","","","","","","","","1126","153","87","353","1208","","90","535","1095","","","2044","","","","","","","","","","","13","1","","","","","9","19","",
"South Asia","SAS","Battle-related deaths (number of people)","VC.BTL.DETH","","","","","","","","","","","","","","","","","","","","","","","","","","","","","","6735","7544","12939","11445","7649","10846","11159","7969","10315","11201","8740","11016","7823","6852","3747","4328","4341","9026","11233","18427","24485","13944","10705","11155","10278","15899","19903","19451","20421","26728","30801","21432",
"Saudi Arabia","SAU","Battle-related deaths (number of people)","VC.BTL.DETH","","","","","","","","","","","","","","","","","","","","","","","","","","","","","","","","101","","","","","","","","","","","","","58","31","11","2","","","","","","","","78","120","4","11","2","0",
"Sudan","SDN","Battle-related deaths (number of people)","VC.BTL.DETH","","","","","","","","","","","","","","","","","","","","","","","","","","","","","","4515","5030","1313","1083","942","337","1036","2289","3859","4891","1408","2841","3457","2312","2008","3673","246","1030","217","620","373","1054","1404","1411","594","849","1264","1309","160","243","","45",
"Senegal","SEN","Battle-related deaths (number of people)","VC.BTL.DETH","","","","","","","","","","","","","","","","","","","","","","","","","","","","","","","58","","76","233","","299","","319","242","","47","33","","39","","","","","","","","25","","","","","","","","","",
"Singapore","SGP","Battle-related deaths (number of people)","VC.BTL.DETH","","","","","","","","","","","","","","","","","","","","","","","","","","","","","","","","","","","","","","","","","","","","","","","","","","","","","","","","","","","","","",
"Solomon Islands","SLB","Battle-related deaths (number of people)","VC.BTL.DETH","","","","","","","","","","","","","","","","","","","","","","","","","","","","","","","","","2","","","","","","","","","","","","","","","","","","","","","","","","","","","","",
"Sierra Leone","SLE","Battle-related deaths (number of people)","VC.BTL.DETH","","","","","","","","","","","","","","","","","","","","","","","","","","","","","","","","552","218","410","628","1472","570","748","3287","3153","382","50","","","","","","","","","","","","","","","","","","","",
"El Salvador","SLV","Battle-related deaths (number of people)","VC.BTL.DETH","","","","","","","","","","","","","","","","","","","","","","","","","","","","","","4924","849","88","","","","","","","","","","","","","","","","","","","","","","","","","","","","","",
"San Marino","SMR","Battle-related deaths (number of people)","VC.BTL.DETH","","","","","","","","","","","","","","","","","","","","","","","","","","","","","","","","","","","","","","","","","","","","","","","","","","","","","","","","","","","","","",
"Somalia","SOM","Battle-related deaths (number of people)","VC.BTL.DETH","","","","","","","","","","","","","","","","","","","","","","","","","","","","","","373","2650","8005","1154","25","237","104","440","","","25","","228","114","","0","","547","1575","1521","1477","2150","1937","2624","913","1111","1197","1925","1918","2208","1945","1942",
"Serbia","SRB","Battle-related deaths (number of people)","VC.BTL.DETH","","","","","","","","","","","","","","","","","","","","","","","","","","","","","","","","3022","190","","","","","","1235","1398","","0","","","","","","","","","","","","","","","","","","","",
"Sub-Saharan Africa (excluding high income)","SSA","Battle-related deaths (number of people)","VC.BTL.DETH","","","","","","","","","","","","","","","","","","","","","","","","","","","","","","","","","","","","","","","","","","","","","","","","","","","","","","","","","","","","","9928",
"South Sudan","SSD","Battle-related deaths (number of people)","VC.BTL.DETH","","","","","","","","","","","","","","","","","","","","","","","","","","","","","","","","","","","","","","","","","","","","","","","","","","","","220","266","926","1674","493","735","484","526","110","58",
"Sub-Saharan Africa","SSF","Battle-related deaths (number of people)","VC.BTL.DETH","","","","","","","","","","","","","","","","","","","","","","","","","","","","","","","","","","","","","","","","","","","","","","","","","","","","","","","","","","","","","9928",
"Small states","SST","Battle-related deaths (number of people)","VC.BTL.DETH","","","","","","","","","","","","","","","","","","","","","","","","","","","","","","","","","","","","","","","","","","","","","","","","","","","","","","","","","","","","","",
"Sao Tome and Principe","STP","Battle-related deaths (number of people)","VC.BTL.DETH","","","","","","","","","","","","","","","","","","","","","","","","","","","","","","","","","","","","","","","","","","","","","","","","","","","","","","","","","","","","","",
"Suriname","SUR","Battle-related deaths (number of people)","VC.BTL.DETH","","","","","","","","","","","","","","","","","","","","","","","","","","","","","","","","","","","","","","","","","","","","","","","","","","","","","","","","","","","","","",
"Slovak Republic","SVK","Battle-related deaths (number of people)","VC.BTL.DETH","","","","","","","","","","","","","","","","","","","","","","","","","","","","","","","","","","","","","","","","","","","","","","","","","","","","","","","","","","","","","",
"Slovenia","SVN","Battle-related deaths (number of people)","VC.BTL.DETH","","","","","","","","","","","","","","","","","","","","","","","","","","","","","","","","","","","","","","","","","","","","","","","","","","","","","","","","","","","","","",
"Sweden","SWE","Battle-related deaths (number of people)","VC.BTL.DETH","","","","","","","","","","","","","","","","","","","","","","","","","","","","","","","","","","","","","","","","","","","","","","","","","","","","","","","","","","","","","",
"Eswatini","SWZ","Battle-related deaths (number of people)","VC.BTL.DETH","","","","","","","","","","","","","","","","","","","","","","","","","","","","","","","","","","","","","","","","","","","","","","","","","","","","","","","","","","","","","",
"Sint Maarten (Dutch part)","SXM","Battle-related deaths (number of people)","VC.BTL.DETH","","","","","","","","","","","","","","","","","","","","","","","","","","","","","","","","","","","","","","","","","","","","","","","","","","","","","","","","","","","","","",
"Seychelles","SYC","Battle-related deaths (number of people)","VC.BTL.DETH","","","","","","","","","","","","","","","","","","","","","","","","","","","","","","","","","","","","","","","","","","","","","","","","","","","","","","","","","","","","","",
"Syrian Arab Republic","SYR","Battle-related deaths (number of people)","VC.BTL.DETH","","","","","","","","","","","","","","","","","","","","","","","","","","","","","","","","","","","","","","","","","","","","","1","","","","","","","1143","50555","71351","64657","50666","42345","21456","13365","7548","4862",
"Turks and Caicos Islands","TCA","Battle-related deaths (number of people)","VC.BTL.DETH","","","","","","","","","","","","","","","","","","","","","","","","","","","","","","","","","","","","","","","","","","","","","","","","","","","","","","","","","","","","","",
"Chad","TCD","Battle-related deaths (number of people)","VC.BTL.DETH","","","","","","","","","","","","","","","","","","","","","","","","","","","","","","50","652","68","899","120","156","","","97","34","394","989","226","294","37","50","100","1250","69","991","135","4","","","","","275","","57","150","144","196",
"East Asia & Pacific (IDA & IBRD countries)","TEA","Battle-related deaths (number of people)","VC.BTL.DETH","","","","","","","","","","","","","","","","","","","","","","","","","","","","","","","","","","","","","","","","","","","","","","","","","711","1222","","","","","","1263","","","","","",
"Europe & Central Asia (IDA & IBRD countries)","TEC","Battle-related deaths (number of people)","VC.BTL.DETH","","","","","","","","","","","","","","","","","","","","","","","","","","","","","","","","","","","","","","","","","","","","","","","","","","","","","","","","","","","","","",
"Togo","TGO","Battle-related deaths (number of people)","VC.BTL.DETH","","","","","","","","","","","","","","","","","","","","","","","","","","","","","","","","","","","","","","","","","","","","","","","","","","","","","","","","","","","","","",
"Thailand","THA","Battle-related deaths (number of people)","VC.BTL.DETH","","","","","","","","","","","","","","","","","","","","","","","","","","","","","","201","19","","","","","","","","3","","8","22","23","26","164","208","212","197","148","138","82","162","131","189","68","57","50","43","36","55","48",
"Tajikistan","TJK","Battle-related deaths (number of people)","VC.BTL.DETH","","","","","","","","","","","","","","","","","","","","","","","","","","","","","","","","","3355","1045","356","368","2790","87","600","3","46","","","","","","","","","","98","28","","","","","","","","","",
"Turkmenistan","TKM","Battle-related deaths (number of people)","VC.BTL.DETH","","","","","","","","","","","","","","","","","","","","","","","","","","","","","","","","","","","","","","","","","","","","","","","","","","","","","","","","","","","","","",
"Latin America & the Caribbean (IDA & IBRD countries)","TLA","Battle-related deaths (number of people)","VC.BTL.DETH","","","","","","","","","","","","","","","","","","","","","","","","","","","","","","","","","","","","","","","","","","","","","","","","","","","","","","","","","","","","","",
"Timor-Leste","TLS","Battle-related deaths (number of people)","VC.BTL.DETH","","","","","","","","","","","","","","","","","","","","","","","","","","","","","","","","","","","","","","","","","","","","","","","","","","","","","","","","","","","","","",
"Middle East & North Africa (IDA & IBRD countries)","TMN","Battle-related deaths (number of people)","VC.BTL.DETH","","","","","","","","","","","","","","","","","","","","","","","","","","","","","","","","","","1319","","","1865","3608","","","","","","","","","","","","","","","","","","","57108","35455","19944","12100","9307",
"Tonga","TON","Battle-related deaths (number of people)","VC.BTL.DETH","","","","","","","","","","","","","","","","","","","","","","","","","","","","","","","","","","","","","","","","","","","","","","","","","","","","","","","","","","","","","",
"South Asia (IDA & IBRD)","TSA","Battle-related deaths (number of people)","VC.BTL.DETH","","","","","","","","","","","","","","","","","","","","","","","","","","","","","","6735","7544","12939","11445","7649","10846","11159","7969","10315","11201","8740","11016","7823","6852","3747","4328","4341","9026","11233","18427","24485","13944","10705","11155","10278","15899","19903","19451","20421","26728","30801","21432",
"Sub-Saharan Africa (IDA & IBRD countries)","TSS","Battle-related deaths (number of people)","VC.BTL.DETH","","","","","","","","","","","","","","","","","","","","","","","","","","","","","","","","","","","","","","","","","","","","","","","","","","","","","","","","","","","","","9928",
"Trinidad and Tobago","TTO","Battle-related deaths (number of people)","VC.BTL.DETH","","","","","","","","","","","","","","","","","","","","","","","","","","","","","","","39","","","","","","","","","","","","","","","","","","","","","","","","","","","","","","",
"Tunisia","TUN","Battle-related deaths (number of people)","VC.BTL.DETH","","","","","","","","","","","","","","","","","","","","","","","","","","","","","","","","","","","","","","","","","","","","","","","","","","","","","","","","","69","","","","",
"Turkey","TUR","Battle-related deaths (number of people)","VC.BTL.DETH","","","","","","","","","","","","","","","","","","","","","","","","","","","","","","227","245","344","1563","2117","3865","3035","3283","2273","1920","1129","121","101","25","90","183","359","210","453","429","126","198","421","743","19","","902","1378","398","439","270","190",
"Tuvalu","TUV","Battle-related deaths (number of people)","VC.BTL.DETH","","","","","","","","","","","","","","","","","","","","","","","","","","","","","","","","","","","","","","","","","","","","","","","","","","","","","","","","","","","","","",
"Tanzania","TZA","Battle-related deaths (number of people)","VC.BTL.DETH","","","","","","","","","","","","","","","","","","","","","","","","","","","","","","","","","","","","","","","","","","","","","","","","","","","","","","","","","","","","","25",
"Uganda","UGA","Battle-related deaths (number of people)","VC.BTL.DETH","","","","","","","","","","","","","","","","","","","","","","","","","","","","","","1022","626","857","72","","149","259","1155","738","748","341","364","108","722","633","1215","610","198","91","","","","","","","","","","0","","","",
"Ukraine","UKR","Battle-related deaths (number of people)","VC.BTL.DETH","","","","","","","","","","","","","","","","","","","","","","","","","","","","","","","","","","","","","","","","","","","","","","","","","","","","","","","4378","1314","252","409","243","234","195",
"Upper middle income","UMC","Battle-related deaths (number of people)","VC.BTL.DETH","","","","","","","","","","","","","","","","","","","","","","","","","","","","","","","","","","","","","","","","","","","","","","","","","4152","2432","","","","","","11806","","","","","",
"Uruguay","URY","Battle-related deaths (number of people)","VC.BTL.DETH","","","","","","","","","","","","","","","","","","","","","","","","","","","","","","","","","","","","","","","","","","","","","","","","","","","","","","","","","","","","","",
"United States","USA","Battle-related deaths (number of people)","VC.BTL.DETH","","","","","","","","","","","","","","","","","","","","","","","","","","","","","","","","","","","","","","","","","","233","","","","","","","","","","","","","","","","","","","",
"Uzbekistan","UZB","Battle-related deaths (number of people)","VC.BTL.DETH","","","","","","","","","","","","","","","","","","","","","","","","","","","","","","","","","","","","","","","","50","297","","","","37","","","","","","","","","","","","","","","","",
"St. Vincent and the Grenadines","VCT","Battle-related deaths (number of people)","VC.BTL.DETH","","","","","","","","","","","","","","","","","","","","","","","","","","","","","","","","","","","","","","","","","","","","","","","","","","","","","","","","","","","","","",
"Venezuela, RB","VEN","Battle-related deaths (number of people)","VC.BTL.DETH","","","","","","","","","","","","","","","","","","","","","","","","","","","","","","","","","144","","","","","","","","","","","","","","","2","","","","","","","","","","","","","",
"British Virgin Islands","VGB","Battle-related deaths (number of people)","VC.BTL.DETH","","","","","","","","","","","","","","","","","","","","","","","","","","","","","","","","","","","","","","","","","","","","","","","","","","","","","","","","","","","","","",
"Virgin Islands (U.S.)","VIR","Battle-related deaths (number of people)","VC.BTL.DETH","","","","","","","","","","","","","","","","","","","","","","","","","","","","","","","","","","","","","","","","","","","","","","","","","","","","","","","","","","","","","",
"Vietnam","VNM","Battle-related deaths (number of people)","VC.BTL.DETH","","","","","","","","","","","","","","","","","","","","","","","","","","","","","","","","","","","","","","","","","","","","","","","","","","","","","","","","","","","","","",
"Vanuatu","VUT","Battle-related deaths (number of people)","VC.BTL.DETH","","","","","","","","","","","","","","","","","","","","","","","","","","","","","","","","","","","","","","","","","","","","","","","","","","","","","","","","","","","","","",
"World","WLD","Battle-related deaths (number of people)","VC.BTL.DETH","","","","","","","","","","","","","","","","","","","","","","","","","","","","","","","","","","","","","","","","","","","","","","","","","","","","","","","","","","","","","",
"Samoa","WSM","Battle-related deaths (number of people)","VC.BTL.DETH","","","","","","","","","","","","","","","","","","","","","","","","","","","","","","","","","","","","","","","","","","","","","","","","","","","","","","","","","","","","","",
"Kosovo","XKX","Battle-related deaths (number of people)","VC.BTL.DETH","","","","","","","","","","","","","","","","","","","","","","","","","","","","","","","","","","","","","","","","","","","","","","","","","","","","","","","","","","","","","",
"Yemen, Rep.","YEM","Battle-related deaths (number of people)","VC.BTL.DETH","","","","","","","","","","","","","","","","","","","","","","","","","","","","","","","","","","","1489","","","","","","","","","","","","","","21","94","175","1140","2330","582","1660","6716","2846","2733","4505","1703","2363",
"South Africa","ZAF","Battle-related deaths (number of people)","VC.BTL.DETH","","","","","","","","","","","","","","","","","","","","","","","","","","","","","","","","","","","","","","","","","","","","","","","","","","","","","","","","","","","","","",
"Zambia","ZMB","Battle-related deaths (number of people)","VC.BTL.DETH","","","","","","","","","","","","","","","","","","","","","","","","","","","","","","","","","","","","","","","","","","","","","","","","","","","","","","","","","","","","","",
"Zimbabwe","ZWE","Battle-related deaths (number of people)","VC.BTL.DETH","","","","","","","","","","","","","","","","","","","","","","","","","","","","","","","","","","","","","","","","","","","","","","","","","","","","","","","","","","","","","",
